Timestamp,Email address,Current education level,Do you feel confused about choosing the right career path?,How confident are you about your current career choice?,What is your biggest career-related challenge?,How do you currently find career guidance?,Would you use an AI platform that recommends career paths based on your profile?,Which recommendations would you find most useful?,Would you provide your skills and interests to get personalized recommendations?,How important is personalized career guidance to you?,Would you trust AI-generated career recommendations?,What would make you trust the platform more?,How often would you use such a platform?,Would you pay for advanced personalized recommendations?,"If paid, what would you prefer?",Would you recommend this platform to other students?
27/09/2026 16:07:35,jayaramanteekaraman19@gmail.com,Postgraduate,"Yes, very often",Somewhat confident,Finding courses,Google,Probably,Skills to learn,Yes,Important,To some extent,Expert or mentor validation,Weekly,Maybe,Free,Definitely
27/09/2026 16:30:24,geeshya2004@gmail.com,Postgraduate,Sometimes,Somewhat confident,Choosing a career,Teachers/mentors,Probably,Skills to learn,Yes,Neutral,Yes,Expert or mentor validation,Weekly,Maybe,Free,Maybe
27/09/2026 17:16:31,keerthanaraghu182@gmail.com,Postgraduate,Sometimes,Very confident,Getting a job/internship,Friends/family,Maybe,Job/internship,Yes,Important,No,User reviews,Only when needed,Maybe,Free,Definitely
27/09/2026 17:55:00,kuppanpavithra03@gmail.com,Postgraduate,Sometimes,Very confident,Finding certifications,Teachers/mentors,Probably,Skills to learn,Yes,Important,To some extent,Expert or mentor validation,Only when needed,No,Free,Maybe
27/09/2026 18:18:29,santhoshssiet2650@gmail.com,Undergraduate,"Yes, very often",Somewhat confident,Getting a job/internship,Career websites/apps,Probably,Job/internship,Yes,Very important,To some extent,User reviews,Only when needed,Maybe,Free,Definitely
27/09/2026 18:29:50,s7993841@gmail.com,Postgraduate,Sometimes,Somewhat confident,Getting a job/internship,Google,Maybe,Skills to learn,Yes,Very important,To some extent,User reviews,Only when needed,Maybe,Free,Definitely
27/09/2026 18:34:29,swethaarumugamswethaarumugam5@gmail.com,Postgraduate,Sometimes,Neutral,Finding suitable skills,Youtube/social media,Probably,Skills to learn,Yes,Very important,Maybe,Job-market data,Only when needed,Maybe,Free,Definitely
27/09/2026 18:36:17,snekhashanthi@gmail.com,Postgraduate,"Yes, very often",Neutral,Getting a job/internship,Youtube/social media,Maybe,Skills to learn,Yes,Very important,To some extent,Course/institution ratings,Weekly,Maybe,₹49–₹99/month,Maybe
27/09/2026 19:32:45,monishraj670@gmail.com,Postgraduate,"Yes, very often",Somewhat confident,Getting a job/internship,Friends/family,Definitely,Career paths,Yes,Important,Yes,Industry data,Monthly,Maybe,Free,Definitely
27/09/2026 21:18:27,astheetha00@gmail.com,Postgraduate,Sometimes,Neutral,Finding courses,Teachers/mentors,Maybe,Career paths,Yes,Neutral,Maybe,Course/institution ratings,Only when needed,No,Free,Maybe
28/09/2026 06:57:29,tamiltrikings@gmail.com,Postgraduate,"Yes, very often",Somewhat confident,Finding suitable skills,Teachers/mentors,Probably,Career paths,Yes,Very important,Yes,Job-market data,Only when needed,Maybe,Free,Definitely
28/09/2026 07:22:10,anithasundaram2001@gmail.com,Postgraduate,Sometimes,Very confident,Choosing a career,Teachers/mentors,No,Job/internship,Yes,Important,Maybe,Job-market data,Only when needed,Maybe,₹49–₹99/month,Definitely
28/09/2026 09:41:02,snehaangelpascal0608@gmail.com,Postgraduate,"Yes, very often",Somewhat confident,Choosing a career,Friends/family,Definitely,Skills to learn,Yes,Very important,To some extent,Job-market data,Daily,Maybe,Free,Definitely
28/09/2026 10:19:55,nivetha238s@gmail.com,Postgraduate,Sometimes,Somewhat confident,Choosing a career,Friends/family,Probably,Career paths,Yes,Important,Yes,Industry data,Daily,Yes,Free,Definitely
28/09/2026 10:36:21,atchayas1929@gmail.com,Postgraduate,"Yes, very often",Somewhat confident,Finding suitable skills,Youtube/social media,Probably,Job/internship,Yes,Important,To some extent,Course/institution ratings,Weekly,No,Free,Maybe
28/09/2026 10:36:57,rruthra412@gmail.com,Postgraduate,"Yes, very often",Neutral,Choosing a career,Youtube/social media,Probably,Job/internship,Yes,Important,Maybe,Industry data,Only when needed,No,Free,Maybe
28/09/2026 10:39:33,vedhasukesh@gmail.com,Postgraduate,"Yes, very often",Neutral,Choosing a career,Google,Maybe,Job/internship,Yes,Very important,Maybe,Industry data,Monthly,Yes,Free,Definitely
28/09/2026 10:42:42,yuvashreesathiya@gmail.com,Postgraduate,Rarely,Somewhat confident,Choosing a career,Friends/family,Probably,Skills to learn,Yes,Neutral,Maybe,User reviews,Weekly,Maybe,Free,Maybe
28/09/2026 10:48:03,hemahemajanarthanan123@gmail.com,Postgraduate,Sometimes,Somewhat confident,Getting a job/internship,Youtube/social media,Maybe,Job/internship,Yes,Very important,Maybe,Course/institution ratings,Only when needed,No,Free,Maybe
28/09/2026 10:53:53,gokulabavani08@gmail.com,Postgraduate,Sometimes,Somewhat confident,Finding courses,Youtube/social media,Probably,Courses,Yes,Neutral,To some extent,Industry data,Weekly,Maybe,Free,Maybe